"0","co2.df = data.frame("
"0","  ds=zoo::as.yearmon(time(co2)), "
"0","  y=co2)"
"0","ModelWithNoSeasonality <- prophet::prophet(co2.df, weekly.seasonality=FALSE,daily.seasonality=FALSE)"
"0","FutureDates = prophet::make_future_dataframe(ModelWithNoSeasonality, periods=8, freq=""quarter"")"
"0","FuturePredictions = predict(ModelWithNoSeasonality, FutureDates)"
"0","plot(ModelWithNoSeasonality,FuturePredictions, main = ""CO2 Concentration Forecast"", xlab = ""Date"", ylab = ""CO2 Concentration (ppm)"")"
