{"chunk_definitions":[{"row":15,"row_count":1,"visible":true,"expansion_state":0,"options":{"engine":"r","label":"setup","include":false},"document_id":"C4352F83","chunk_id":"csetup_chunk","chunk_label":"setup"},{"row":33,"row_count":1,"visible":true,"expansion_state":0,"options":{"engine":"r","eval":false,"include":true,"label":"unnamed-chunk-1"},"document_id":"C4352F83","chunk_id":"c7zmzc4pk002c","chunk_label":"unnamed-chunk-1"},{"row":53,"row_count":1,"visible":true,"expansion_state":0,"options":{"engine":"r","eval":true,"echo":false,"include":true,"label":"unnamed-chunk-3"},"document_id":"C4352F83","chunk_id":"c37scodb5wrkq","chunk_label":"unnamed-chunk-3"},{"row":59,"row_count":1,"visible":true,"expansion_state":0,"options":{"engine":"r","eval":false,"include":true,"label":"unnamed-chunk-4"},"document_id":"C4352F83","chunk_id":"cl18q5aanw1l5","chunk_label":"unnamed-chunk-4"},{"row":65,"row_count":1,"visible":true,"expansion_state":0,"options":{"engine":"r","eval":false,"include":true,"label":"unnamed-chunk-5"},"document_id":"C4352F83","chunk_id":"cyqr5rxo7vu3u","chunk_label":"unnamed-chunk-5"},{"row":71,"row_count":1,"visible":true,"expansion_state":0,"options":{"engine":"r","eval":false,"include":true,"label":"unnamed-chunk-6"},"document_id":"C4352F83","chunk_id":"cqj0fr5kcs9i7","chunk_label":"unnamed-chunk-6"},{"row":80,"row_count":1,"visible":true,"expansion_state":0,"options":{"engine":"r","eval":false,"include":true,"label":"unnamed-chunk-7"},"document_id":"C4352F83","chunk_id":"cbvrhajio9f3u","chunk_label":"unnamed-chunk-7"},{"row":86,"row_count":1,"visible":true,"expansion_state":0,"options":{"engine":"r","eval":false,"include":true,"label":"unnamed-chunk-8"},"document_id":"C4352F83","chunk_id":"cdxcpwbaqd701","chunk_label":"unnamed-chunk-8"},{"row":98,"row_count":1,"visible":true,"expansion_state":0,"options":{"engine":"r","eval":true,"echo":false,"include":true,"label":"unnamed-chunk-9"},"document_id":"C4352F83","chunk_id":"cb3s7kl7moi45","chunk_label":"unnamed-chunk-9"},{"row":110,"row_count":1,"visible":true,"expansion_state":0,"options":{"engine":"r","eval":true,"echo":false,"include":true,"label":"unnamed-chunk-10"},"document_id":"C4352F83","chunk_id":"cyak6ny7a4a7n","chunk_label":"unnamed-chunk-10"}],"doc_write_time":1710759788}