"0","co2.df = data.frame("
"0","  ds=zoo::as.yearmon(time(co2)), "
"0","  y=co2)"
"0","ModelWithSeasonality <- prophet::prophet(co2.df, weekly.seasonality=TRUE,daily.seasonality=TRUE)"
"0","FutureDatesSeasonality = prophet::make_future_dataframe(ModelWithSeasonality, periods=8, freq=""quarter"")"
"0","FuturePredictionsSeasonality = predict(ModelWithSeasonality, FutureDatesSeasonality)"
"0","plot(ModelWithSeasonality,FuturePredictionsSeasonality, main = ""CO2 Concentration Forecast"", xlab = ""Date"", ylab = ""CO2 Concentration (ppm)"")"
